{
  "f1_scores": [
    0.5585585585585585,
    0.5498489425981873,
    0.5344827586206896,
    0.4792332268370607,
    0.5749235474006116
  ],
  "mean_f1": 0.5394094068030216
}