{
  "f1_scores": [
    0.5952380952380952,
    0.5398773006134969,
    0.5828571428571429,
    0.56797583081571,
    0.6149253731343284
  ],
  "mean_f1": 0.5801747485317547
}