{
  "f1_scores": [
    0.5669781931464174,
    0.5142857142857142,
    0.5806451612903226,
    0.5739644970414202,
    0.5818181818181818
  ],
  "mean_f1": 0.5635383495164111
}