{
  "f1_scores": [
    0.6011904761904762,
    0.5398773006134969,
    0.5828571428571429,
    0.56797583081571,
    0.6149253731343284
  ],
  "mean_f1": 0.5813652247222308
}