{
  "5.467219917012448": {
    "f1_scores": [
      0.6271929824561403,
      0.5911111111111111,
      0.603448275862069,
      0.5906040268456376,
      0.6329670329670329
    ],
    "mean_f1": 0.6090646858483982
  },
  "6.83402489626556": {
    "f1_scores": [
      0.6247379454926625,
      0.5831533477321814,
      0.5975609756097561,
      0.588495575221239,
      0.6133909287257019
    ],
    "mean_f1": 0.6014677545563083
  },
  "8.200829875518671": {
    "f1_scores": [
      0.610655737704918,
      0.6033755274261603,
      0.6024096385542169,
      0.5867237687366167,
      0.6016949152542372
    ],
    "mean_f1": 0.6009719175352298
  }
}