{
  "5.467219917012448": {
    "f1_scores": [
      0.5938864628820961,
      0.6167400881057269,
      0.6118143459915611,
      0.5855855855855856,
      0.6306306306306306
    ],
    "mean_f1": 0.6077314226391201
  },
  "6.83402489626556": {
    "f1_scores": [
      0.6173913043478261,
      0.5905172413793104,
      0.5766129032258065,
      0.6090909090909091,
      0.6220302375809935
    ],
    "mean_f1": 0.6031285191249692
  },
  "8.200829875518671": {
    "f1_scores": [
      0.5850622406639004,
      0.5961945031712473,
      0.5913757700205339,
      0.5897435897435898,
      0.6118143459915611
    ],
    "mean_f1": 0.5948380899181666
  }
}