{
  "f1_scores": [
    0.6144329896907217,
    0.6043478260869565,
    0.5995893223819302,
    0.594017094017094,
    0.6237623762376238
  ],
  "mean_f1": 0.6072299216828652
}