{
  "f1_scores": [
    0.56973293768546,
    0.5611940298507463,
    0.5722543352601156,
    0.5093167701863354,
    0.5408805031446541
  ],
  "mean_f1": 0.5506757152254622
}