{
  "f1_scores": [
    0.5377643504531722,
    0.5304878048780488,
    0.5648414985590778,
    0.5263157894736842,
    0.5619335347432024
  ],
  "mean_f1": 0.544268595621437
}