{
  "f1_scores": [
    0.6173913043478261,
    0.5905172413793104,
    0.5766129032258065,
    0.6090909090909091,
    0.6220302375809935
  ],
  "mean_f1": 0.6031285191249692
}