{
  "f1_scores": [
    0.5974358974358974,
    0.5852187028657617,
    0.6654478976234004,
    0.553030303030303,
    0.3333333333333333
  ],
  "mean_f1": 0.5468932268577392
}