{
  "f1_scores": [
    0.20909090909090908,
    0.2191780821917808,
    0.2242152466367713,
    0.17592592592592593,
    0.2242152466367713
  ],
  "mean_f1": 0.21052508209643167
}