{
  "best_params": {
    "learning_rate": 0.16214847829352647,
    "num_leaves": 18,
    "max_depth": 12,
    "min_data_in_leaf": 37,
    "feature_fraction": 0.8624021904161966,
    "bagging_fraction": 0.8526569191641067
  },
  "best_score": 0.5645614024219853
}