{
  "best_params": {
    "learning_rate": 0.01047662688217332,
    "num_leaves": 42,
    "max_depth": 16,
    "min_data_in_leaf": 94,
    "feature_fraction": 0.7557191924831881,
    "bagging_fraction": 0.9508876664551171,
    "lambda_l1": 3.0155167906131653e-06,
    "lambda_l2": 0.00022676088884044073,
    "scale_pos_weight": 8.486766106704374
  },
  "best_score": 0.6045351819395582
}