{
  "best_params": {
    "te_smoothing": 21.687508457555627,
    "te_min_samples_leaf": 42,
    "n_estimators": 343,
    "learning_rate": 0.013375427716542966,
    "num_leaves": 39,
    "max_depth": 0,
    "min_data_in_leaf": 31,
    "feature_fraction": 0.7596553745545128,
    "bagging_fraction": 0.6745895465356021,
    "lambda_l1": 2.591245259690198e-06,
    "lambda_l2": 1.767400718312726e-05,
    "scale_pos_weight": 3.9717518987034497
  },
  "best_score": 0.6311787072243346,
  "best_threshold": 0.58
}