{
  "best_params": {
    "learning_rate": 0.05304748494576059,
    "num_leaves": 64,
    "max_depth": 11,
    "min_data_in_leaf": 19,
    "feature_fraction": 0.9976934563030468,
    "bagging_fraction": 0.7009460611449064,
    "lambda_l1": 1.3261733247477528e-08,
    "lambda_l2": 3.241278437203749,
    "scale_pos_weight": 7.232732863563892
  },
  "best_score": 0.6094571655103859
}