{
  "best_params": {
    "learning_rate": 0.07584769761260544,
    "num_leaves": 15,
    "max_depth": 9,
    "min_data_in_leaf": 30,
    "feature_fraction": 0.9919728286307096,
    "bagging_fraction": 0.8619945629692454
  },
  "best_score": 0.5697400569132756
}