{
  "best_params": {
    "learning_rate": 0.036311367676574766,
    "num_leaves": 40,
    "max_depth": 16,
    "min_data_in_leaf": 11,
    "feature_fraction": 0.8844449742958657,
    "bagging_fraction": 0.9937588131178343,
    "lambda_l1": 2.167924766414708e-08,
    "lambda_l2": 0.2011231861423218,
    "scale_pos_weight": 3.4180776321995463
  },
  "best_score": 0.6226138248112183
}