{
  "f1_scores": [
    0.3244239631336406,
    0.3295238095238095,
    0.33211678832116787,
    0.32879200726612173,
    0.3397612488521579
  ],
  "mean_f1": 0.33092356341937956
}