{
  "none": {
    "f1_scores": [
      0.5670731707317073,
      0.573170731707317,
      0.5633802816901409,
      0.5365853658536586,
      0.5766871165644172
    ],
    "mean_f1": 0.5633793333094482
  },
  "smote": {
    "f1_scores": [
      0.5817174515235457,
      0.5754189944134078,
      0.6266318537859008,
      0.5391304347826087,
      0.6212534059945504
    ],
    "mean_f1": 0.5888304281000026
  },
  "under": {
    "f1_scores": [
      0.5548387096774193,
      0.5357737104825291,
      0.5415282392026578,
      0.5503355704697986,
      0.5808695652173913
    ],
    "mean_f1": 0.5526691590099592
  }
}