{
  "models": [
    "lgb",
    "xgb",
    "te",
    "cat"
  ],
  "best_threshold": 0.79,
  "best_f1": 0.6318785578747628,
  "coef": [
    0.5069313933731532,
    4.112254015601768,
    -0.8049766367980432,
    2.5645364261112156
  ],
  "intercept": -2.358830270182054
}