{
  "f1_scores": [
    0.5654761904761905,
    0.5585585585585585,
    0.5623188405797102,
    0.5558912386706949,
    0.5531914893617021
  ],
  "mean_f1": 0.5590872635293712
}