{
  "f1_scores": [
    0.6285714285714286,
    0.6118721461187214,
    0.6117136659436009,
    0.5972222222222222,
    0.6405529953917051
  ],
  "mean_f1": 0.6179864916495357
}