{
  "f1_scores": [
    0.5333333333333333,
    0.5225225225225225,
    0.5449101796407185,
    0.5740181268882175,
    0.5548780487804879
  ],
  "mean_f1": 0.5459324422330558
}