{
  "f1_scores": [
    0.6060606060606061,
    0.6170678336980306,
    0.5679012345679012,
    0.6086956521739131,
    0.62882096069869
  ],
  "mean_f1": 0.6057092574398282
}