{
  "best_threshold": 0.62,
  "best_f1": 0.6160499759730899,
  "thresholds": [
    0.0,
    0.01,
    0.02,
    0.03,
    0.04,
    0.05,
    0.06,
    0.07,
    0.08,
    0.09,
    0.1,
    0.11,
    0.12,
    0.13,
    0.14,
    0.15,
    0.16,
    0.17,
    0.18,
    0.19,
    0.2,
    0.21,
    0.22,
    0.23,
    0.24,
    0.25,
    0.26,
    0.27,
    0.28,
    0.29,
    0.3,
    0.31,
    0.32,
    0.33,
    0.34,
    0.35000000000000003,
    0.36,
    0.37,
    0.38,
    0.39,
    0.4,
    0.41000000000000003,
    0.42,
    0.43,
    0.44,
    0.45,
    0.46,
    0.47000000000000003,
    0.48,
    0.49,
    0.5,
    0.51,
    0.52,
    0.53,
    0.54,
    0.55,
    0.56,
    0.5700000000000001,
    0.58,
    0.59,
    0.6,
    0.61,
    0.62,
    0.63,
    0.64,
    0.65,
    0.66,
    0.67,
    0.68,
    0.6900000000000001,
    0.7000000000000001,
    0.71,
    0.72,
    0.73,
    0.74,
    0.75,
    0.76,
    0.77,
    0.78,
    0.79,
    0.8,
    0.81,
    0.8200000000000001,
    0.8300000000000001,
    0.84,
    0.85,
    0.86,
    0.87,
    0.88,
    0.89,
    0.9,
    0.91,
    0.92,
    0.93,
    0.9400000000000001,
    0.9500000000000001,
    0.96,
    0.97,
    0.98,
    0.99,
    1.0
  ],
  "f1_scores": [
    0.22639736965711602,
    0.35521666356704484,
    0.4042051062003862,
    0.4309187688035177,
    0.4539425202652911,
    0.46914212548015366,
    0.48197242841993637,
    0.49181222707423583,
    0.5015393226980128,
    0.5088622069754145,
    0.5172413793103449,
    0.5217906907797213,
    0.5248269635871201,
    0.5286935286935287,
    0.5343653250773994,
    0.5415617128463476,
    0.5454545454545454,
    0.5497568881685575,
    0.5541694024950755,
    0.5565912117177098,
    0.560080780881858,
    0.5617977528089888,
    0.565441429062178,
    0.5705329153605015,
    0.573632538569425,
    0.5760792639773531,
    0.5784769395781194,
    0.5809009009009009,
    0.5834542815674891,
    0.5847612103536274,
    0.5845588235294118,
    0.5871423262727611,
    0.5901762279715036,
    0.5922293474160694,
    0.5943683409436834,
    0.5969348659003831,
    0.5988439306358382,
    0.602729044834308,
    0.6071569012976799,
    0.6081778483525209,
    0.6078978859194256,
    0.6050622740056247,
    0.6064777327935222,
    0.6052202283849919,
    0.6067323481116584,
    0.6062861869313482,
    0.6030820491461891,
    0.6029350104821803,
    0.6021141649048626,
    0.6003415883859948,
    0.6026689625484287,
    0.6072980017376195,
    0.6093064091308165,
    0.6088495575221239,
    0.6092005359535507,
    0.6085393258426967,
    0.6066393815370623,
    0.6086956521739131,
    0.6098572086596039,
    0.6109563602599815,
    0.6142991533396049,
    0.6151658767772512,
    0.6160499759730899,
    0.6158329286061195,
    0.6095051445369917,
    0.6054590570719603,
    0.6050251256281407,
    0.6042726347914548,
    0.6034038164002062,
    0.603537981269511,
    0.605552645364065,
    0.6027689030883919,
    0.6009693053311793,
    0.5959760739532355,
    0.5931642778390298,
    0.5864577504196978,
    0.5811577752553916,
    0.5712643678160919,
    0.5568581477139508,
    0.5471923536439666,
    0.5391621129326047,
    0.5288640595903166,
    0.5290404040404041,
    0.5189954925949775,
    0.5049439683586026,
    0.49698593436034827,
    0.4867075664621677,
    0.47671994440583737,
    0.4582441113490364,
    0.4340175953079179,
    0.41685477802859294,
    0.38161993769470404,
    0.3336045565500407,
    0.2820730671197961,
    0.23425022182786157,
    0.19744058500914077,
    0.1509433962264151,
    0.08498023715415019,
    0.022540983606557378,
    0.0,
    0.0
  ]
}