{
  "best_threshold": 0.28,
  "best_f1": 0.6181818181818182,
  "thresholds": [
    0.0,
    0.01,
    0.02,
    0.03,
    0.04,
    0.05,
    0.06,
    0.07,
    0.08,
    0.09,
    0.1,
    0.11,
    0.12,
    0.13,
    0.14,
    0.15,
    0.16,
    0.17,
    0.18,
    0.19,
    0.2,
    0.21,
    0.22,
    0.23,
    0.24,
    0.25,
    0.26,
    0.27,
    0.28,
    0.29,
    0.3,
    0.31,
    0.32,
    0.33,
    0.34,
    0.35000000000000003,
    0.36,
    0.37,
    0.38,
    0.39,
    0.4,
    0.41000000000000003,
    0.42,
    0.43,
    0.44,
    0.45,
    0.46,
    0.47000000000000003,
    0.48,
    0.49,
    0.5,
    0.51,
    0.52,
    0.53,
    0.54,
    0.55,
    0.56,
    0.5700000000000001,
    0.58,
    0.59,
    0.6,
    0.61,
    0.62,
    0.63,
    0.64,
    0.65,
    0.66,
    0.67,
    0.68,
    0.6900000000000001,
    0.7000000000000001,
    0.71,
    0.72,
    0.73,
    0.74,
    0.75,
    0.76,
    0.77,
    0.78,
    0.79,
    0.8,
    0.81,
    0.8200000000000001,
    0.8300000000000001,
    0.84,
    0.85,
    0.86,
    0.87,
    0.88,
    0.89,
    0.9,
    0.91,
    0.92,
    0.93,
    0.9400000000000001,
    0.9500000000000001,
    0.96,
    0.97,
    0.98,
    0.99,
    1.0
  ],
  "f1_scores": [
    0.22639736965711602,
    0.4082788671023965,
    0.4658573596358118,
    0.498478561549101,
    0.521357519016969,
    0.5328867235079172,
    0.5431632010081916,
    0.5497076023391813,
    0.558046169287387,
    0.5648592999313659,
    0.5704225352112676,
    0.5754209960587603,
    0.5777777777777777,
    0.5812220566318927,
    0.5867172675521821,
    0.5905055962948669,
    0.5937868659064097,
    0.5964071856287425,
    0.5958654235914066,
    0.5996705107084019,
    0.6,
    0.5990666100975817,
    0.6011163589523401,
    0.607095926412615,
    0.6071586389748121,
    0.6112600536193029,
    0.6141304347826086,
    0.6146072576940744,
    0.6181818181818182,
    0.6163284568192544,
    0.6142034548944337,
    0.6136694134755211,
    0.6168958742632613,
    0.6131748390292224,
    0.6105263157894737,
    0.6118721461187214,
    0.6126218573627501,
    0.6073842953718148,
    0.5966209081309398,
    0.5942184154175589,
    0.5888708806050783,
    0.5856052344601963,
    0.5829201101928375,
    0.5840312674483529,
    0.5794813979706878,
    0.5748434832100171,
    0.5699481865284974,
    0.5641025641025641,
    0.562206572769953,
    0.5573380867498514,
    0.5512665862484921,
    0.5440194292653309,
    0.5376607470912431,
    0.534984520123839,
    0.5303314571607255,
    0.5261829652996846,
    0.5188017845761632,
    0.5087378640776699,
    0.510498687664042,
    0.49966777408637875,
    0.49732620320855614,
    0.4881995954146999,
    0.48261758691206547,
    0.4741557546519642,
    0.46186144156752973,
    0.4463397299218195,
    0.4367816091954023,
    0.4264919941775837,
    0.42066420664206644,
    0.4023934181002244,
    0.3945578231292517,
    0.3871951219512195,
    0.3770364623739333,
    0.3637795275590551,
    0.3535031847133758,
    0.3368421052631579,
    0.3155299917830731,
    0.3059019118869493,
    0.28547297297297297,
    0.27621483375959077,
    0.2634315424610052,
    0.25609756097560976,
    0.23404255319148937,
    0.21762589928057555,
    0.19047619047619047,
    0.17439703153988867,
    0.16135084427767354,
    0.13891531874405327,
    0.12343297974927676,
    0.10536585365853658,
    0.08110781404549951,
    0.062062062062062065,
    0.04843592330978809,
    0.04060913705583756,
    0.018480492813141684,
    0.012358393408856848,
    0.006198347107438017,
    0.0,
    0.0,
    0.0,
    0.0
  ]
}