{
  "best_threshold": 0.6,
  "best_f1": 0.6077872744539411,
  "thresholds": [
    0.0,
    0.01,
    0.02,
    0.03,
    0.04,
    0.05,
    0.06,
    0.07,
    0.08,
    0.09,
    0.1,
    0.11,
    0.12,
    0.13,
    0.14,
    0.15,
    0.16,
    0.17,
    0.18,
    0.19,
    0.2,
    0.21,
    0.22,
    0.23,
    0.24,
    0.25,
    0.26,
    0.27,
    0.28,
    0.29,
    0.3,
    0.31,
    0.32,
    0.33,
    0.34,
    0.35000000000000003,
    0.36,
    0.37,
    0.38,
    0.39,
    0.4,
    0.41000000000000003,
    0.42,
    0.43,
    0.44,
    0.45,
    0.46,
    0.47000000000000003,
    0.48,
    0.49,
    0.5,
    0.51,
    0.52,
    0.53,
    0.54,
    0.55,
    0.56,
    0.5700000000000001,
    0.58,
    0.59,
    0.6,
    0.61,
    0.62,
    0.63,
    0.64,
    0.65,
    0.66,
    0.67,
    0.68,
    0.6900000000000001,
    0.7000000000000001,
    0.71,
    0.72,
    0.73,
    0.74,
    0.75,
    0.76,
    0.77,
    0.78,
    0.79,
    0.8,
    0.81,
    0.8200000000000001,
    0.8300000000000001,
    0.84,
    0.85,
    0.86,
    0.87,
    0.88,
    0.89,
    0.9,
    0.91,
    0.92,
    0.93,
    0.9400000000000001,
    0.9500000000000001,
    0.96,
    0.97,
    0.98,
    0.99,
    1.0
  ],
  "f1_scores": [
    0.22639736965711602,
    0.28499106611078023,
    0.339426523297491,
    0.38444124305412636,
    0.4191589835844389,
    0.44631680308136734,
    0.45972396486825595,
    0.47431240269849506,
    0.4871244635193133,
    0.4951856946354883,
    0.5021108922037715,
    0.5100401606425703,
    0.5171503957783641,
    0.5232696897374701,
    0.5307364576993305,
    0.5374884294970688,
    0.5422557335846685,
    0.5446456943120432,
    0.5484390086900547,
    0.5529411764705883,
    0.5581703679151475,
    0.5601604278074866,
    0.5638082376772451,
    0.5690834473324213,
    0.5716258198136003,
    0.572923935799023,
    0.5750528541226215,
    0.5793594306049822,
    0.5816876122082585,
    0.5831220572256429,
    0.5830285296269203,
    0.5834254143646409,
    0.5856189770200149,
    0.5874439461883408,
    0.5919214798036995,
    0.5943683409436834,
    0.5956305097738597,
    0.5974428516079039,
    0.5981308411214953,
    0.5986608901142182,
    0.6008719778042013,
    0.6012024048096193,
    0.6016983420946219,
    0.6035116374030216,
    0.6013986013986014,
    0.6056572379367721,
    0.6023489932885906,
    0.6017774016081253,
    0.6059829059829059,
    0.6058519793459552,
    0.6067708333333334,
    0.6041209995615958,
    0.6042402826855123,
    0.6033868092691622,
    0.6048604860486049,
    0.6031746031746031,
    0.6041189931350115,
    0.6035994462390402,
    0.6065954482117974,
    0.6042352941176471,
    0.6077872744539411,
    0.6031746031746031,
    0.6019512195121951,
    0.6005917159763313,
    0.6014056224899599,
    0.6045801526717557,
    0.6066838046272494,
    0.6045785639958376,
    0.6022070415133999,
    0.598821638993037,
    0.5997830802603037,
    0.5908337934842628,
    0.5842696629213483,
    0.5799086757990868,
    0.577391304347826,
    0.5678866587957497,
    0.5597104945717732,
    0.5513447432762836,
    0.5402370555208983,
    0.5242966751918159,
    0.5062295081967213,
    0.4946236559139785,
    0.47212663454920856,
    0.45403111739745405,
    0.43191800878477304,
    0.40813253012048195,
    0.38574748257164987,
    0.3572567783094099,
    0.3286770747740345,
    0.30394626364399663,
    0.2672413793103448,
    0.23674911660777384,
    0.20633484162895926,
    0.17625231910946196,
    0.12464046021093,
    0.08275862068965517,
    0.06759443339960239,
    0.044310171198388724,
    0.022517911975435005,
    0.004140786749482402,
    0.0
  ]
}