{
  "best_threshold": 0.51,
  "best_f1": 0.602921646746348,
  "thresholds": [
    0.0,
    0.01,
    0.02,
    0.03,
    0.04,
    0.05,
    0.06,
    0.07,
    0.08,
    0.09,
    0.1,
    0.11,
    0.12,
    0.13,
    0.14,
    0.15,
    0.16,
    0.17,
    0.18,
    0.19,
    0.2,
    0.21,
    0.22,
    0.23,
    0.24,
    0.25,
    0.26,
    0.27,
    0.28,
    0.29,
    0.3,
    0.31,
    0.32,
    0.33,
    0.34,
    0.35000000000000003,
    0.36,
    0.37,
    0.38,
    0.39,
    0.4,
    0.41000000000000003,
    0.42,
    0.43,
    0.44,
    0.45,
    0.46,
    0.47000000000000003,
    0.48,
    0.49,
    0.5,
    0.51,
    0.52,
    0.53,
    0.54,
    0.55,
    0.56,
    0.5700000000000001,
    0.58,
    0.59,
    0.6,
    0.61,
    0.62,
    0.63,
    0.64,
    0.65,
    0.66,
    0.67,
    0.68,
    0.6900000000000001,
    0.7000000000000001,
    0.71,
    0.72,
    0.73,
    0.74,
    0.75,
    0.76,
    0.77,
    0.78,
    0.79,
    0.8,
    0.81,
    0.8200000000000001,
    0.8300000000000001,
    0.84,
    0.85,
    0.86,
    0.87,
    0.88,
    0.89,
    0.9,
    0.91,
    0.92,
    0.93,
    0.9400000000000001,
    0.9500000000000001,
    0.96,
    0.97,
    0.98,
    0.99,
    1.0
  ],
  "f1_scores": [
    0.22639736965711602,
    0.3676242236024845,
    0.41440247404462116,
    0.4455135915323551,
    0.46626078132927445,
    0.484508547008547,
    0.49667774086378735,
    0.5071143995446784,
    0.5149035651665692,
    0.5223880597014925,
    0.5300911854103344,
    0.5334979932077801,
    0.5373787926180794,
    0.5418250950570342,
    0.5460947503201025,
    0.5511197663096398,
    0.555008210180624,
    0.5580312603924177,
    0.5601882985877606,
    0.5595643294758339,
    0.561898211829436,
    0.5641025641025641,
    0.5659321441063309,
    0.5699152542372882,
    0.5745895788722342,
    0.5767709457029845,
    0.5768252815110788,
    0.5775830595107704,
    0.5810959911732254,
    0.5842280636801185,
    0.5879716100112066,
    0.5902751601960046,
    0.5907365223993926,
    0.5929034719572682,
    0.5937620331151329,
    0.5964368706429125,
    0.5969566913772922,
    0.5953414923016186,
    0.5962683604605002,
    0.5956765412329864,
    0.5954013715207745,
    0.5953639690931273,
    0.5956575174108971,
    0.5957798924286305,
    0.5955851728446481,
    0.5960487599831862,
    0.5983050847457627,
    0.5952177625960717,
    0.5960378983634798,
    0.5978308026030369,
    0.6015761821366025,
    0.602921646746348,
    0.6027641551493536,
    0.6026905829596413,
    0.6021699819168174,
    0.6019239578561613,
    0.5983302411873841,
    0.600187265917603,
    0.6016030174446017,
    0.6001908396946565,
    0.5996131528046421,
    0.6010716025328787,
    0.599406528189911,
    0.6,
    0.59375,
    0.5866121614716403,
    0.5853909465020576,
    0.5821205821205822,
    0.5755015839493136,
    0.5731182795698925,
    0.5649103747963063,
    0.56150027578599,
    0.5602678571428571,
    0.5529745042492917,
    0.5483686319404694,
    0.5433391506689936,
    0.538552787663108,
    0.5301204819277109,
    0.5165238678090576,
    0.5101663585951941,
    0.5003134796238244,
    0.49363867684478374,
    0.48410123296560675,
    0.48052805280528055,
    0.4733648010788941,
    0.4612216884008236,
    0.4511595221363317,
    0.43503230437903806,
    0.4112011790714812,
    0.39006024096385544,
    0.3684210526315789,
    0.3497615262321145,
    0.32676518883415434,
    0.298811544991511,
    0.251105216622458,
    0.19579139981701738,
    0.14597156398104266,
    0.0975609756097561,
    0.0326197757390418,
    0.002072538860103627,
    0.0
  ]
}