{
  "best_threshold": 0.25,
  "best_f1": 0.6053709604005462,
  "thresholds": [
    0.0,
    0.01,
    0.02,
    0.03,
    0.04,
    0.05,
    0.06,
    0.07,
    0.08,
    0.09,
    0.1,
    0.11,
    0.12,
    0.13,
    0.14,
    0.15,
    0.16,
    0.17,
    0.18,
    0.19,
    0.2,
    0.21,
    0.22,
    0.23,
    0.24,
    0.25,
    0.26,
    0.27,
    0.28,
    0.29,
    0.3,
    0.31,
    0.32,
    0.33,
    0.34,
    0.35000000000000003,
    0.36,
    0.37,
    0.38,
    0.39,
    0.4,
    0.41000000000000003,
    0.42,
    0.43,
    0.44,
    0.45,
    0.46,
    0.47000000000000003,
    0.48,
    0.49,
    0.5,
    0.51,
    0.52,
    0.53,
    0.54,
    0.55,
    0.56,
    0.5700000000000001,
    0.58,
    0.59,
    0.6,
    0.61,
    0.62,
    0.63,
    0.64,
    0.65,
    0.66,
    0.67,
    0.68,
    0.6900000000000001,
    0.7000000000000001,
    0.71,
    0.72,
    0.73,
    0.74,
    0.75,
    0.76,
    0.77,
    0.78,
    0.79,
    0.8,
    0.81,
    0.8200000000000001,
    0.8300000000000001,
    0.84,
    0.85,
    0.86,
    0.87,
    0.88,
    0.89,
    0.9,
    0.91,
    0.92,
    0.93,
    0.9400000000000001,
    0.9500000000000001,
    0.96,
    0.97,
    0.98,
    0.99,
    1.0
  ],
  "f1_scores": [
    0.22639736965711602,
    0.4080571799870045,
    0.467035732259688,
    0.4997242140099283,
    0.5197080291970803,
    0.5309356903383115,
    0.5422334704207529,
    0.5532331809274984,
    0.562962962962963,
    0.5673076923076923,
    0.5743338008415148,
    0.5761258041458185,
    0.5802197802197803,
    0.5844204248975028,
    0.5859582542694497,
    0.5861003861003861,
    0.5868968222832484,
    0.5930979133226324,
    0.5981155264235969,
    0.6005830903790087,
    0.5996621621621622,
    0.6019750966079863,
    0.6050566695727986,
    0.6033568904593639,
    0.6042323277802791,
    0.6053709604005462,
    0.6026765113059529,
    0.5989705194197473,
    0.5981042654028436,
    0.5982742090124641,
    0.5989356555394292,
    0.5964740450538688,
    0.5933630510153541,
    0.5937031484257871,
    0.592292089249493,
    0.5935417734495131,
    0.5909797822706065,
    0.5881737310308739,
    0.590285110876452,
    0.5925133689839572,
    0.5891891891891892,
    0.5873362445414847,
    0.5848535102266446,
    0.5808249721293199,
    0.5735211267605633,
    0.5675057208237986,
    0.5669745958429562,
    0.5652930934416716,
    0.56,
    0.5551601423487544,
    0.5445783132530121,
    0.5408038976857491,
    0.5382716049382716,
    0.5307402760351317,
    0.5275142314990512,
    0.5239005736137667,
    0.5164622336991608,
    0.5111111111111111,
    0.5033025099075297,
    0.49331550802139035,
    0.48271186440677966,
    0.473972602739726,
    0.4696132596685083,
    0.46348314606741575,
    0.44871794871794873,
    0.44155844155844154,
    0.43781818181818183,
    0.4194977843426883,
    0.4107542942494399,
    0.4045112781954887,
    0.3896499238964992,
    0.3824884792626728,
    0.37209302325581395,
    0.36034618410700237,
    0.35340729001584786,
    0.34271922767497986,
    0.3314285714285714,
    0.3176178660049628,
    0.31,
    0.29679595278246207,
    0.2813299232736573,
    0.2664359861591695,
    0.24338624338624337,
    0.22202327663384064,
    0.20795660036166366,
    0.18399264029438822,
    0.16759776536312848,
    0.1544256120527307,
    0.14258555133079848,
    0.125,
    0.10526315789473684,
    0.08849557522123894,
    0.07157057654075547,
    0.04838709677419355,
    0.03458799593082401,
    0.018480492813141684,
    0.0062047569803516025,
    0.0,
    0.0,
    0.0,
    0.0
  ]
}