{
  "f1_scores": [
    0.5654761904761905,
    0.546583850931677,
    0.5648414985590778,
    0.5443425076452599,
    0.56
  ],
  "mean_f1": 0.556248809522441
}