{
  "f1_scores": [
    0.5619335347432024,
    0.5391849529780565,
    0.5821325648414986,
    0.5358255451713395,
    0.5488958990536278
  ],
  "mean_f1": 0.553594499357545
}