{
  "f1_scores": [
    0.5637982195845698,
    0.547112462006079,
    0.5614035087719298,
    0.5403726708074534,
    0.5590062111801242
  ],
  "mean_f1": 0.5543386144700312
}