{
  "f1_scores": [
    0.5864661654135338,
    0.6092184368737475,
    0.6041275797373359,
    0.6137787056367432,
    0.6208251473477406
  ],
  "mean_f1": 0.6068832070018202
}