{
  "f1_scores": [
    0.5519287833827893,
    0.5535714285714286,
    0.5432835820895522,
    0.5545171339563862,
    0.5766871165644172
  ],
  "mean_f1": 0.5559976089129147
}